"id","brand","slot","category","weather","occasions","image","imageSource","url"
"1","Aritzia","Top","Shirts","All year","Casual; Work","images/1.jpg","web","https://www.aritzia.com/us/en/product/golightly-sleeveless-cardigan/127242.html?color=36530"
"2","Aritzia","Top","Shirts","All year","Casual; Work","images/2.jpg","web","https://www.aritzia.com/us/en/product/kindred-top/134207.html?color=11420"
"3","Aritzia","Top","Shirts","All year","Casual; Work","images/3.jpg","web","https://www.aritzia.com/us/en/product/storyboard-cardigan/129897.html?color=11420"
"4","Aritzia","Top","Shirts","All year","Casual; Work","images/4.jpg","web","https://www.aritzia.com/us/en/product/croquet-sweater-vest/131193.html?color=36529"
"9","Madewell","Top","Shirts","All year","Casual; Work","images/9.png","screenshot","https://www.madewell.com/p/womens/clothing/sweaters/pullovers/button-front-sleeveless-cardigan/OA918/?ccode=RD6057"
"5","Quince","Top","Shirts","All year","Casual; Work","images/5.jpg","web","https://www.quince.com/women/lightweight-cotton-cashmere-ribbed-tank?color=mocha-heather&gender=women"
"6","Quince","Top","Shirts","All year","Casual; Work","images/6.jpg","web","https://www.quince.com/women/stretch-cotton-jersey-boat-neck-tank?color=linen-white&gender=women"
"7","Quince","Top","Shirts","All year","Casual; Work","images/7.jpg","web","https://www.quince.com/women/womens-lightweight-cotton-cashmere-sweater-shell?color=heather-oatmeal&gender=women"
"8","Quince","Top","Shirts","All year","Casual; Work","images/8.jpg","web","https://www.quince.com/women/distressed-denim-popover-shirt?color=medium-indigo&gender=women"
"99","Aritzia","Top","Shirts","Hot","Casual; Work","images/99.jpg","web","https://www.aritzia.com/us/en/product/outro-oversized-poplin-shirt/124843.html?color=33417"
"106","Aritzia","Top","Shirts","Hot","Casual","images/106.jpg","web","https://www.aritzia.com/us/en/product/regency-linen-camisole/132641.html?color=34310"
"107","Aritzia","Top","Shirts","Hot","Casual","images/107.jpg","web","https://www.aritzia.com/us/en/product/cotton-charm%E2%84%A2-basque-sweater-vest/130067.html?color=31343"
"108","Aritzia","Top","Shirts","Hot","Casual","images/108.jpg","web","https://www.aritzia.com/us/en/product/cotton-charm%E2%84%A2-markham-sweater-vest/131385.html?color=11420"
"109","Aritzia","Top","Shirts","Hot","Casual","images/109.jpg","web","https://www.aritzia.com/us/en/product/airplush-cotton%E2%84%A2-monterosso-top/131698.html?color=1275"
"110","Aritzia","Top","Shirts","Hot","Casual","images/110.jpg","web","https://www.aritzia.com/us/en/product/basque-sweater-vest/115811.html?color=1274"
"103","Everlane","Top","Shirts","Hot","Casual; Work","images/103.webp","web","https://www.everlane.com/products/womens-boxy-oxford-white-blue"
"112","Everlane","Top","Shirts","Hot","Casual","images/112.webp","web","https://www.everlane.com/products/womens-gauze-smocked-cami-heather-rose"
"113","Everlane","Top","Shirts","Hot","Casual","images/113.webp","web","https://www.everlane.com/products/womens-tie-front-scallop-tank-in-linen-bone"
"114","Everlane","Top","Shirts","Hot","Casual; Going out","images/114.webp","web","https://www.everlane.com/products/womens-tube-top-in-stretch-linen-black"
"119","Everlane","Top","Shirts","Hot","Casual; Work","images/119.webp","web","https://www.everlane.com/products/womens-long-vest-in-stretch-linen-birch"
"104","Madewell","Top","Shirts","Hot","Casual; Work","images/104.png","screenshot","https://www.madewell.com/p/womens/clothing/tops-shirts/button-downs/the-easy-shirt/OB041/?ccode=WR2629"
"105","Madewell","Top","Shirts","Hot","Casual; Work","images/105.png","screenshot","https://www.madewell.com/p/womens/clothing/tops-shirts/tops/ruffled-pintuck-high-neck-top/OB076/?ccode=WT0005"
"115","Madewell","Top","Shirts","Hot","Casual; Going out","images/115.png","screenshot","https://www.madewell.com/p/womens/clothing/tops-shirts/tops/smocked-boatneck-sleeveless-top/OA999/?ccode=WT0012"
"116","Madewell","Top","Shirts","Hot","Casual; Work","images/116.png","screenshot","https://www.madewell.com/p/womens/clothing/tops-shirts/tops/sleeveless-boatneck-vest-top/OA998/?ccode=KF9847"
"100","Quince","Top","Shirts","Hot","Casual; Work","images/100.jpg","web","https://www.quince.com/women/linen-shirt?color=white&gender=women"
"101","Quince","Top","Shirts","Hot","Casual; Work","images/101.jpg","web","https://www.quince.com/women/organic-cotton-poplin-long-sleeve-shirt?color=hudson-stripe&gender=women"
"102","Quince","Top","Shirts","Hot","Casual; Work","images/102.jpg","web","https://www.quince.com/women/organic-cotton-voile-lace-blouse?color=classic-white&gender=women"
"111","Quince","Top","Shirts","Hot","Casual","images/111.jpg","web","https://www.quince.com/women/100-european-linen-halter-top?color=black&gender=women"
"117","Quince","Top","Shirts","Hot","Casual; Work","images/117.jpg","web","https://www.quince.com/women/100-european-linen-pleated-tank?color=white&gender=women"
"118","Quince","Top","Shirts","Hot","Casual; Work","images/118.jpg","web","https://www.quince.com/women/100-european-linen-longline-vest?color=white&gender=women"
"78","Aritzia","Top","T-shirts","All year","Casual","images/78.jpg","web","https://www.aritzia.com/us/en/product/interlock-cotton-function-t-shirt/124059.html?color=35559"
"75","Everlane","Top","T-shirts","All year","Casual","images/75.webp","web","https://www.everlane.com/products/womens-organic-cotton-box-cut-tee-white"
"76","Madewell","Top","T-shirts","All year","Casual","images/76.png","screenshot","https://www.madewell.com/p/womens/clothing/tees/the-perfect-crewneck-tee-in-allday-cotton/NY429/?ccode=KI1567"
"77","Madewell","Top","T-shirts","All year","Casual","images/77.png","screenshot","https://www.madewell.com/p/womens/clothing/tees/the-relaxed-tee-in-vintage-jersey/NZ543/?ccode=KI1270"
"150","Quince","Top","T-shirts","Cold","Work","images/150.jpg","web","https://www.quince.com/women/cashmere/cashmere-tee-shirt?color=ivory&gender=women"
"137","Everlane","Top","T-shirts","Hot","Casual","images/137.webp","web","https://www.everlane.com/products/f-t-crb-boat-tnk-wht"
"138","Everlane","Top","T-shirts","Hot","Casual","images/138.webp","web","https://www.everlane.com/products/womens-tissue-boatneck-tank-side-tie-bone"
"136","Quince","Top","T-shirts","Hot","Casual","images/136.jpg","web","https://www.quince.com/women/organic-cotton-micro-rib-crop-cutaway-tank?color=black&gender=women"
"10","Aritzia","Top","Going-out tops","All year","Going out","images/10.jpg","web","https://www.aritzia.com/us/en/product/original-contour-ravish-top/119720.html?color=13695"
"11","Aritzia","Top","Going-out tops","All year","Going out","images/11.jpg","web","https://www.aritzia.com/us/en/product/softspoke%E2%84%A2-wynd-top/134874.html?color=11420"
"12","Everlane","Top","Going-out tops","All year","Going out","images/12.webp","web","https://www.everlane.com/products/womens-drapey-jersey-off-shoulder-top-black"
"23","Aritzia","Top","Sweaters","All year","Casual; Work","images/23.jpg","web","https://www.aritzia.com/us/en/product/tribeca-cardigan/129633.html?color=37622"
"24","Aritzia","Top","Sweaters","All year","Casual; Work","images/24.jpg","web","https://www.aritzia.com/us/en/product/golightly-cardigan/114360.html?color=37619"
"25","Aritzia","Top","Sweaters","All year","Casual; Work","images/25.jpg","web","https://www.aritzia.com/us/en/product/bare-merino-wool-aspect-polo-sweater/127835.html?color=37623"
"32","Everlane","Top","Sweaters","All year","Casual; Work","images/32.webp","web","https://www.everlane.com/products/womens-paper-merino-wool-cardigan-open-air"
"33","Everlane","Top","Sweaters","All year","Casual; Work","images/33.webp","web","https://www.everlane.com/products/f-swtr-ecm-cdgn-crp-red"
"34","Everlane","Top","Sweaters","All year","Casual; Work","images/34.webp","web","https://www.everlane.com/products/f-swtr-ecm-cr-ls-brn"
"39","Everlane","Top","Sweaters","All year","Casual","images/39.webp","web","https://www.everlane.com/products/womens-must-have-shirt-denim-dark-indigo"
"40","Everlane","Top","Sweaters","All year","Casual","images/40.webp","web","https://www.everlane.com/products/womens-boxy-long-sleeve-cabernet-birch"
"41","Everlane","Top","Sweaters","All year","Casual; Work","images/41.webp","web","https://www.everlane.com/products/womens-everlight-long-sleeve-crew-black"
"36","Madewell","Top","Sweaters","All year","Casual; Work","images/36.png","screenshot","https://www.madewell.com/p/womens/clothing/sweaters/pullovers/polo-sweater-in-100-softwool/OB203/?ccode=SR9759"
"37","Madewell","Top","Sweaters","All year","Casual; Work","images/37.png","screenshot","https://www.madewell.com/p/womens/clothing/sweaters/cardigans/longline-cardigan-jacket/OB210/?ccode=RD0215"
"38","Madewell","Top","Sweaters","All year","Casual; Work","images/38.png","screenshot","https://www.madewell.com/p/womens/clothing/sweaters/cardigans/pointelle-knit-peplum-cardigan-in-100-cotton/NZ307/?ccode=RD5906"
"42","Madewell","Top","Sweaters","All year","Casual; Work","images/42.png","screenshot","https://www.madewell.com/p/womens/clothing/tops-shirts/denim/denim-tie-neck-shirt/OB266/?ccode=DN0292"
"26","Quince","Top","Sweaters","All year","Casual; Work","images/26.jpg","web","https://www.quince.com/women/cashmere/cashmere-crewneck-sweater?color=heather-grey&gender=women"
"27","Quince","Top","Sweaters","All year","Casual; Work","images/27.jpg","web","https://www.quince.com/women/women-s-mongolian-cashmere-slouchy-polo-sweater?color=black&gender=women"
"28","Quince","Top","Sweaters","All year","Casual; Work","images/28.jpg","web","https://www.quince.com/women/100-mongolian-cashmere-dolman-sleeve-henley-sweater?color=varsity-red&gender=women"
"29","Quince","Top","Sweaters","All year","Casual; Work","images/29.jpg","web","https://www.quince.com/women/brushed-cashmere-cropped-crewneck-cardigan?color=heather-grey&gender=women"
"30","Quince","Top","Sweaters","All year","Casual; Work","images/30.jpg","web","https://www.quince.com/women/mongolian-cashmere-cropped-crew-cardigan?color=black&gender=women"
"31","Quince","Top","Sweaters","All year","Casual; Work","images/31.jpg","web","https://www.quince.com/women/womens-cotton-cashmere-fitted-ribbed-cardigan?color=mocha-heather&gender=women"
"35","Quince","Top","Sweaters","All year","Casual","images/35.jpg","web","https://www.quince.com/women/women-s-cotton-cashmere-rugby-polo?color=bone-%252f-brown-%252f-mountain-spring-blue-variegated-stripe&gender=women"
"158","Everlane","Top","Sweaters","Cold","Casual; Work","images/158.webp","web","https://www.everlane.com/products/womens-half-zip-sweater-in-luxe-merino-navy"
"151","Quince","Top","Sweaters","Cold","Work","images/151.jpg","web","https://www.quince.com/women/100-organic-cotton-sweater-tee?color=ivory&gender=women"
"153","Quince","Top","Sweaters","Cold","Work","images/153.jpg","web","https://www.quince.com/women/womens-mongolian-cashmere-short-sleeve-polo?color=heather-grey&gender=women"
"156","Quince","Top","Sweaters","Cold","Casual; Work","images/156.jpg","web","https://www.quince.com/women/100-mongolian-cashmere-slouchy-blouson-sleeve-crewneck?color=black&gender=women"
"157","Quince","Top","Sweaters","Cold","Casual; Work","images/157.jpg","web","https://www.quince.com/women/baby-cashmere-quarter-zip-sweater?color=heather-pewter&gender=women"
"13","Aritzia","Layer","Blazers","All year","Casual; Going out; Work","images/13.jpg","web","https://www.aritzia.com/us/en/product/generation-blazer/134422.html?color=38632"
"14","Aritzia","Layer","Blazers","All year","Casual; Going out; Work","images/14.jpg","web","https://www.aritzia.com/us/en/product/advance-wool-blazer/133931.html?color=38095"
"15","Aritzia","Layer","Blazers","All year","Casual; Going out; Work","images/15.jpg","web","https://www.aritzia.com/us/en/product/generation-blazer/116425.html?color=1274"
"16","Everlane","Layer","Blazers","All year","Casual; Going out; Work","images/16.webp","web","https://www.everlane.com/products/womens-tencel-oversized-blazer-black"
"17","Everlane","Layer","Blazers","All year","Casual; Going out; Work","images/17.webp","web","https://www.everlane.com/products/womens-blazer-in-tailor-twill-khaki"
"18","Everlane","Layer","Blazers","All year","Casual; Going out; Work","images/18.webp","web","https://www.everlane.com/products/womens-tencel-double-breasted-blazer-black"
"19","Everlane","Layer","Blazers","All year","Casual; Going out; Work","images/19.webp","web","https://www.everlane.com/products/womens-relaxed-blazer-buttersmooth-black"
"143","Aritzia","Layer","Jackets","Cold","Casual; Going out","images/143.jpg","web","https://www.aritzia.com/us/en/product/tenet-jacket/132058.html?color=37712"
"144","Aritzia","Layer","Jackets","Cold","Casual; Going out","images/144.jpg","web","https://www.aritzia.com/us/en/product/falcon-jacket/136369.html?color=18891"
"145","Aritzia","Layer","Jackets","Cold","Casual; Going out","images/145.jpg","web","https://www.aritzia.com/us/en/product/society-cardigan/129487.html?color=36216"
"146","Everlane","Layer","Jackets","Cold","Casual; Going out","images/146.webp","web","https://www.everlane.com/products/womens-organic-cotton-field-jacket-beech"
"147","Everlane","Layer","Jackets","Cold","Casual; Going out","images/147.webp","web","https://www.everlane.com/products/f-otwr-fco-jkt-cord-tof"
"148","Madewell","Layer","Jackets","Cold","Casual; Going out","images/148.png","screenshot","https://www.madewell.com/p/womens/clothing/jackets/jackets/the-field-jacket/OB091/?ccode=WR2698"
"149","Madewell","Layer","Jackets","Cold","Casual; Going out","images/149.png","screenshot","https://www.madewell.com/p/womens/clothing/jackets/leather-suede/leather-bubble-sleeve-jacket/NT637/?ccode=BK5229"
"139","Aritzia","Layer","Jackets","Hot","Casual; Going out; Work","images/139.jpg","web","https://www.aritzia.com/us/en/product/generation-blazer/129875.html?color=11420"
"140","Everlane","Layer","Jackets","Hot","Casual; Going out; Work","images/140.webp","web","https://www.everlane.com/products/womens-oversized-blazer-stretch-linen-black"
"43","Aritzia","Layer","Vests","All year","Casual; Work","images/43.jpg","web","https://www.aritzia.com/us/en/product/regal-vest/128069.html?color=18891"
"44","Aritzia","Layer","Vests","All year","Casual; Work","images/44.jpg","web","https://www.aritzia.com/us/en/product/cruiselinen%E2%84%A2-regal-vest/124183.html?color=1274"
"152","Quince","Layer","Vests","Cold","Work","images/152.jpg","web","https://www.quince.com/women/100-yak-crewneck-sweater-vest?color=black&gender=women"
"58","Aritzia","Bottom","Jeans","All year","Casual; Going out; Work","images/58.jpg","web","https://www.aritzia.com/us/en/product/90's-french-jean/135994.html?color=39275"
"59","Aritzia","Bottom","Jeans","All year","Casual; Going out; Work","images/59.jpg","web","https://www.aritzia.com/us/en/product/savannah-jean/136577.html?color=31759"
"62","Everlane","Bottom","Jeans","All year","Casual; Going out; Work","images/62.webp","web","https://www.everlane.com/products/womens-way-high-jean-2-dark-indigo"
"63","Everlane","Bottom","Jeans","All year","Casual; Going out; Work","images/63.webp","web","https://www.everlane.com/products/womens-the-way-high-utility-jean-agave-green"
"64","Everlane","Bottom","Jeans","All year","Casual; Going out; Work","images/64.webp","web","https://www.everlane.com/products/womens-way-high-sailor-jean-2-washed-black"
"65","Everlane","Bottom","Jeans","All year","Casual; Going out; Work","images/65.webp","web","https://www.everlane.com/products/womens-lightweight-loose-wide-leg-jean-long-black"
"66","Everlane","Bottom","Jeans","All year","Casual; Going out; Work","images/66.webp","web","https://www.everlane.com/products/womens-way-high-sailor-jean-2-dark-indigo"
"67","Everlane","Bottom","Jeans","All year","Casual; Going out; Work","images/67.webp","web","https://www.everlane.com/products/women-slow-slung-tie-front-jean-medium-indigo"
"68","Everlane","Bottom","Jeans","All year","Casual; Going out; Work","images/68.webp","web","https://www.everlane.com/products/womens-way-high-curve-jean-ltind"
"69","Everlane","Bottom","Jeans","All year","Casual; Going out; Work","images/69.webp","web","https://www.everlane.com/products/womens-the-way-high-utility-jean-ecru"
"70","Everlane","Bottom","Jeans","All year","Casual; Going out; Work","images/70.webp","web","https://www.everlane.com/products/womens-gardener-jean-washed-black"
"71","Madewell","Bottom","Jeans","All year","Casual; Going out; Work","images/71.png","screenshot","https://www.madewell.com/p/womens/clothing/jeans/slim-skinny-jeans/the-jules-slim-straight-jean/NX992/?ccode=DM8475"
"72","Madewell","Bottom","Jeans","All year","Casual; Going out; Work","images/72.png","screenshot","https://www.madewell.com/p/OA877/?ccode=DN0294"
"73","Madewell","Bottom","Jeans","All year","Casual; Going out; Work","images/73.png","screenshot","https://www.madewell.com/p/womens/clothing/jeans/wide-leg-jeans/the-perfect-vintage-wide-leg-crop-jean-in-vintage-canvas/NZ038/?ccode=NA6148"
"74","Madewell","Bottom","Jeans","All year","Casual; Going out; Work","images/74.png","screenshot","https://www.madewell.com/p/womens/labels-we-love/madewell-x-isko/circular-longline-straight-jean/NZ189/?ccode=DN0039"
"60","Quince","Bottom","Jeans","All year","Casual; Going out; Work","images/60.jpg","web","https://www.quince.com/women/stretch-high-rise-wide-leg-jeans-30?color=seaside-blue&gender=women"
"61","Quince","Bottom","Jeans","All year","Casual; Going out; Work","images/61.jpg","web","https://www.quince.com/women/comfort-stretch-high-rise-barrel-jeans?color=charcoal-black&gender=women"
"50","Aritzia","Bottom","Pants","All year","Casual; Going out; Work","images/50.jpg","web","https://www.aritzia.com/us/en/product/archer-satin-pant/132654.html?color=18891"
"53","Everlane","Bottom","Pants","All year","Casual; Going out; Work","images/53.webp","web","https://www.everlane.com/products/womens-utility-twill-barrel-pant-coffee-bean-long"
"54","Everlane","Bottom","Pants","All year","Casual; Going out; Work","images/54.webp","web","https://www.everlane.com/products/womens-everywhere-pant-black"
"55","Everlane","Bottom","Pants","All year","Casual; Going out; Work","images/55.webp","web","https://www.everlane.com/products/womens-way-high-drape-pant-ankle-ash-brown"
"56","Madewell","Bottom","Pants","All year","Casual; Going out; Work","images/56.png","screenshot","https://www.madewell.com/p/womens/clothing/pants/pull-on-pants/the-devon-pant/OA929/?ccode=BK0070"
"51","Quince","Bottom","Pants","All year","Casual; Going out; Work","images/51.jpg","web","https://www.quince.com/women/womens-100-washable-silk-drawstring-wide-leg-pants-new?color=navy&gender=women"
"52","Quince","Bottom","Pants","All year","Casual; Going out; Work","images/52.jpg","web","https://www.quince.com/women/womens-vintage-wash-tencel-drawstring-cargo-pants?color=olive&gender=women"
"120","Aritzia","Bottom","Pants","Hot","Casual","images/120.jpg","web","https://www.aritzia.com/us/en/product/airplush-cotton%E2%84%A2-sail-pant/123943.html?color=36213"
"121","Quince","Bottom","Pants","Hot","Casual","images/121.jpg","web","https://www.quince.com/women/100-european-linen-pleated-trouser?color=white&gender=women"
"45","Aritzia","Bottom","Skirts","All year","Casual; Going out; Work","images/45.jpg","web","https://www.aritzia.com/us/en/product/henrietta-satin-skirt/128560.html?color=38617"
"46","Aritzia","Bottom","Skirts","All year","Casual; Going out; Work","images/46.jpg","web","https://www.aritzia.com/us/en/product/slip-satin-maxi-skirt/118884.html?color=15104"
"47","Quince","Bottom","Skirts","All year","Casual; Going out; Work","images/47.jpg","web","https://www.quince.com/women/100-washable-silk-lace-skirt?color=champagne&gender=women"
"48","Quince","Bottom","Skirts","All year","Casual; Going out; Work","images/48.jpg","web","https://www.quince.com/women/silk/silk-skirt?color=black&gender=women"
"49","Quince","Bottom","Skirts","All year","Casual; Going out; Work","images/49.jpg","web","https://www.quince.com/women/100-washable-silk-maxi-skirt?color=black&gender=women"
"122","Aritzia","Bottom","Skirts","Hot","Casual","images/122.jpg","web","https://www.aritzia.com/us/en/product/damasque-skirt/123929.html?color=10230"
"123","Aritzia","Bottom","Skirts","Hot","Casual","images/123.jpg","web","https://www.aritzia.com/us/en/product/socialite-linen-skirt/130978.html?color=36213"
"126","Madewell","Bottom","Skirts","Hot","Casual","images/126.png","screenshot","https://www.madewell.com/p/womens/clothing/skirts/pintucked-midi-skirt/OA976/?ccode=WT0012"
"124","Quince","Bottom","Skirts","Hot","Casual","images/124.jpg","web","https://www.quince.com/women/organic-cotton-gauze-smocked-maxi-skirt?color=wild-cherry&gender=women"
"125","Quince","Bottom","Skirts","Hot","Casual","images/125.jpg","web","https://www.quince.com/women/stretch-denim-mini-skirt?color=atlantic-blue&gender=women"
"57","Aritzia","Dress","Dresses","All year","Work","images/57.jpg","web","https://www.aritzia.com/us/en/product/forage-dress/132411.html?color=1274"
"154","Quince","Dress","Dresses","Cold","Work","images/154.jpg","web","https://www.quince.com/women/stretch-cotton-jersey-knotted-midi-dress?color=chile&gender=women"
"155","Quince","Dress","Dresses","Cold","Work","images/155.jpg","web","https://www.quince.com/women/mongolian-cashmere-sleeveless-midi-sweater-dress?color=black&gender=women"
"127","Aritzia","Dress","Dresses","Hot","Casual","images/127.jpg","web","https://www.aritzia.com/us/en/product/technique-poplin-cami-dress/131092.html?color=1274"
"128","Aritzia","Dress","Dresses","Hot","Casual","images/128.jpg","web","https://www.aritzia.com/us/en/product/technique-linen-dress/131189.html?color=36213"
"129","Aritzia","Dress","Dresses","Hot","Casual","images/129.jpg","web","https://www.aritzia.com/us/en/product/casbah-linen-dress/137388.html?color=10230"
"130","Aritzia","Dress","Dresses","Hot","Casual","images/130.jpg","web","https://www.aritzia.com/us/en/product/technique-linen-mini-dress/131190.html?color=37106"
"131","Aritzia","Dress","Dresses","Hot","Casual","images/131.jpg","web","https://www.aritzia.com/us/en/product/arcos-linen-dress/136367.html?color=1275"
"132","Aritzia","Dress","Dresses","Hot","Casual","images/132.jpg","web","https://www.aritzia.com/us/en/product/pergola-dress/132585.html?color=1275"
"133","Aritzia","Dress","Dresses","Hot","Casual","images/133.jpg","web","https://www.aritzia.com/us/en/product/revive-poplin-mini-dress/131935.html?color=27400"
"134","Quince","Dress","Dresses","Hot","Casual","images/134.jpg","web","https://www.quince.com/women/100-organic-cotton-poplin-smocked-drop-waist-midi-dress?color=pale-custard-yellow&gender=women"
"135","Quince","Dress","Dresses","Hot","Casual; Work","images/135.jpg","web","https://www.quince.com/women/smocked-boat-neck-maxi-dress?color=black&gender=women"
"87","Everlane","Shoes","Shoes","All year","Casual; Going out; Work","images/87.webp","web","https://www.everlane.com/products/womens-pointed-toe-slingback-heel-black"
"88","Everlane","Shoes","Shoes","All year","Casual; Going out; Work","images/88.webp","web","https://www.everlane.com/products/womens-leather-day-driver-loafer-black"
"89","Everlane","Shoes","Shoes","All year","Casual; Going out; Work","images/89.webp","web","https://www.everlane.com/products/womens-leather-keyhole-flat-classic-red"
"90","Everlane","Shoes","Shoes","All year","Casual; Going out; Work","images/90.webp","web","https://www.everlane.com/products/womens-leather-day-mary-jane-blush"
"79","Loeffler Randall","Shoes","Shoes","All year","Casual; Going out; Work","images/79.jpg","web","https://loefflerrandall.com/collections/flats/products/landon-espresso-silver-suede-ballet-flat"
"80","Loeffler Randall","Shoes","Shoes","All year","Casual; Going out; Work","images/80.jpg","web","https://loefflerrandall.com/products/landry-honey-woven-ballet-flat"
"91","Maje","Shoes","Shoes","All year","Casual; Going out; Work","images/91.jpg","web","https://us.maje.com/en/p/smooth-leather-slingback-pumps/3661601973611.html?srsltid=AfmBOooc1ej6dxOU-ZASk7g7eolgKxr-UTSIJjgXt5FaUgMuwl1VCH5lfY0"
"83","Quince","Shoes","Shoes","All year","Casual; Going out; Work","images/83.jpg","web","https://www.quince.com/women/italian-leather-handwoven-square-toe-ballet-flat?color=electric-blue&gender=women"
"84","Quince","Shoes","Shoes","All year","Casual; Going out; Work","images/84.jpg","web","https://www.quince.com/women/italian-leather-bold-buckle-slingback-flat?color=black&gender=women"
"85","Quince","Shoes","Shoes","All year","Casual; Going out; Work","images/85.jpg","web","https://www.quince.com/women/italian-leather-venetian-loafer?color=coffee-bean&gender=women"
"86","Quince","Shoes","Shoes","All year","Casual; Going out; Work","images/86.jpg","web","https://www.quince.com/women/italian-leather-soft-loafere?color=black&gender=women"
"82","Reformation","Shoes","Shoes","All year","Casual; Going out; Work","images/82.jpg","web","https://www.thereformation.com/products/inez-flat-mule/1320340KEK.html?fbvar=nonbrandedgoogle&gad_source=1&gad_campaignid=22379160712&gbraid=0AAAAADmLagWHDQKqecrF2OqKQqnoL_eVd&gclid=CjwKCAjwtp7VBhBjEiwAJfpV-_qPhYJXcY6rZqu1R7ICWsyJENqSgW_voMCeF0PDKf9GtKS5ldiI9hoCX4AQAvD_BwE&dwvar_1320340KEK_color=KEK&quantity=1"
"81","Zara","Shoes","Shoes","All year","Casual; Going out; Work","images/81.png","screenshot","https://www.zara.com/us/en/leather-slingback-shoes-p11524810.html?v1=545422395&utm_source=google&utm_medium=cpc&gad_source=1&gad_campaignid=23439827896&gbraid=0AAAAADqbk7Z_UwkX5GaponwAkge3e09H2&gclid=CjwKCAjwtp7VBhBjEiwAJfpV-zuSvWIZkUTcboTUF82w65o8hagoTkPQfl3wLFy86igWomAgvTItbhoCWAcQAvD_BwE"
"141","Everlane","Shoes","Shoes","Hot","Casual; Going out","images/141.webp","web","https://www.everlane.com/products/womens-sculpted-heel-sandal-affogato"
"142","Everlane","Shoes","Shoes","Hot","Casual; Going out","images/142.webp","web","https://www.everlane.com/products/womens-studio-kitten-heel-black"
"93","Champs Sports","Shoes","Sneakers","All year","Casual","images/93.webp","web","https://www.champssports.com/product/~/U90603EG.html?source=shoppingads&locale=en-US&SID=7391&inceptor=1&cm_mmc=paid%20search-_-google-_--_-PLA-_-DPA-_--_-P-_-Prospecting-_--_-23820388457-_--_--_-PLA-_-U90603EG7-_--_--_-&cm_mmc=Paid%20Search-_-Google-_--_-Shopping-_--_--_--_-LIX-_-Evergreen-_-23820388457-_--_--_--_--_--_--_-&gclsrc=aw.ds&gad_source=1&gad_campaignid=23820416846&gbraid=0AAAAAD0g7JJYDIsAZyZVCq_w2Iz5HO1mI&gclid=CjwKCAjw2aPVBhBkEiwA0Cptt_cHZCtELpPZNKp5c3l6sTSMRl1mxXHhWmLaOA1S9l3ynFIRmtasgRoCh6gQAvD_BwE"
"94","Free People","Shoes","Sneakers","All year","Casual","images/94.png","screenshot","https://www.freepeople.com/shop/new-balance-9060-sneakers/?color=023&countryCode=US&g_acctid=925-773-0063&g_adgroupid=&g_adid=&g_adtype=none&g_campaign=PLAs%20US%20-%20Smart%20Shopping%20PMAX%20US%20-%20Performance%20Max%20-%20Tier%20II&g_campaignid=17721296791&g_keyword=&g_keywordid=&g_network=x&gad_campaignid=17721297256&gad_source=1&gbraid=0AAAAADmlMfnXEiWSsE0olVM00szFjbmdU&gclid=CjwKCAjw2aPVBhBkEiwA0Cptt-3rfprIJIcWwvPABB1WDbAu1zZaRlg1C11_6n-Ps57QWon1mgpyPhoCAEMQAvD_BwE&gclsrc=aw.ds&inventoryCountry=US&utm_kxconfid=vx6ro62gj"
"92","Urban Outfitters","Shoes","Sneakers","All year","Casual","images/92.png","screenshot","https://www.urbanoutfitters.com/shop/new-balance-9060-sneaker4?color=022&size=5.5m%2F7w&type=STANDARD&creative=&device=c&g_acctid=312-727-9506&g_adgroupid=&g_adid=&g_adtype=none&g_campaign=%5BNB+PLA+US%5D+-+PMAX+-+Womens+-+Priority&g_campaignid=20233670334&g_keyword=&g_keywordid=&g_network=x&g_type=shopping&matchtype=&network=x&utm_campaign=%5BNB+PLA+US%5D+-+PMAX+-+Womens+-+Priority&utm_content=&utm_kxconfid=vx6q4l3b6&utm_medium=cpc&utm_source=google&utm_term=&gclsrc=aw.ds&gad_source=1&gad_campaignid=20238460742&gbraid=0AAAAADpxK_8wPdbJB_MEE3n4-AAsfGJ_U&gclid=CjwKCAjw2aPVBhBkEiwA0Cpttw7okiCs5iJ2k-yLkX0SF_AL0QOYIQwb4li6kK8F-ziTOM6U-7P3BBoCF9EQAvD_BwE"
"95","Veronica Beard","Shoes","Sneakers","All year","Casual","images/95.webp","web","https://veronicabeard.com/products/natalia-suede-sneaker-chestnut?variant=47449745522859&glCountry=US&glCurrency=USD&utm_source=google&utm_medium=cpc&utm_campaign=US%20-%20Shopping%20-%20Generic%20-%20FP___24018589378&utm_content=___198927147035&utm_term=&nbt=nb%3Aadwords%3Ag%3A24018589378%3A198927147035%3A816143570807&nb_adtype=pla&nb_kwd=&nb_ti=pla-2441218406609&nb_mi=107438211&nb_pc=online&nb_pi=47449745522859&nb_ppi=2441218406609&nb_placement=&nb_li_ms=&nb_lp_ms=&nb_fii=&nb_ap=&nb_mt=&gad_source=1&gad_campaignid=24018589378&gbraid=0AAAAABMxaq_CNNo220FscA1N9IV1MxP29&gclid=CjwKCAjw2aPVBhBkEiwA0Cptt9tXdWVyiv_CC-TII3hbcdwlr6hP-o7SRA1y4KqYUVWZ-gAiAYyHexoC_sYQAvD_BwE"
"161","Everlane","Shoes","Booties","Cold","Casual; Going out; Work","images/161.webp","web","https://www.everlane.com/products/womens-curved-heel-boot-dark-chocolate"
"159","Quince","Shoes","Booties","Cold","Casual; Going out; Work","images/159.jpg","web","https://www.quince.com/unisex/italian-leather-stretch-sock-bootie?color=black&gender=women"
"160","Quince","Shoes","Booties","Cold","Casual; Going out; Work","images/160.jpg","web","https://www.quince.com/women/knit-heeled-bootie?color=cognac&gender=women"
"98","Quince","Bag","Bags","All year","Casual; Going out; Work","images/98.jpg","web","https://www.quince.com/women/leather-soft-bucket-shoulder-bag?color=warm-taupe&size=one-size&g_network=g&g_productchannel=online&g_adid=815819407372&g_acctid=978-058-8398&g_keyword=&g_adtype=pla&g_keywordid=aud-2279058146067:pla-295586530990&g_ifcreative=&g_adgroupid=201908873687&g_productid=45127772078250&g_merchantid=128669708&g_partition=295586530990&g_campaignid=24002800263&g_ifproduct=product&g_campaign=&utm_source=google&utm_medium=paid_search&utm_campaign=&utm_term=45127772078250&mpdp=true&gad_source=1&gad_campaignid=24002800263&gbraid=0AAAAAC4ZeNZCRT1S6QHUDKaa2UL_u-VEQ&gclid=CjwKCAjw2aPVBhBkEiwA0Cptt-3sSFaTU5ezXupIPCaqqMkix_eB-TCNeKgT-dyIul_azTYbirE5VhoCrW8QAvD_BwE"
"97","Songmont","Bag","Bags","All year","Casual; Going out; Work","images/97.jpg","web","https://songmontofficial.com/products/song-bucket-bag-taupe?variant=45844662845631&gad_source=1&gad_campaignid=23050766065&gbraid=0AAAAAoiQduUP7G6eBLhYlbc_gkj4dh9mo&gclid=CjwKCAjw2aPVBhBkEiwA0Cptt1vvnjdFDjuWrAhwvujT4D_6q3wg745y91zjweKgurNx2csKEbQYIhoCEF4QAvD_BwE&region=US"
"96","Verafied NY","Bag","Bags","All year","Casual; Going out; Work","images/96.webp","web","https://verafiedny.com/products/gold-black-hobo-bag-1"
"20","Quince","Accessory","Belts","All year","Casual; Going out; Work","images/20.jpg","web","https://www.quince.com/women/daphne-european-leather-multi-keeper-belt?color=espresso&gender=women"
"21","Quince","Accessory","Belts","All year","Casual; Going out; Work","images/21.jpg","web","https://www.quince.com/women/elissa-triple-keeper-european-leather-belt?color=black%252fsilver&gender=women"
"22","Quince","Accessory","Belts","All year","Casual; Going out; Work","images/22.jpg","web","https://www.quince.com/women/alyssa-european-leather-studded-belt?color=black%252fgold&gender=women"
