"id","brand","reason","url"
"9","Madewell","The remote server returned an error: (403) Forbidden.","https://www.madewell.com/p/womens/clothing/sweaters/pullovers/button-front-sleeveless-cardigan/OA918/?ccode=RD6057"
"104","Madewell","The remote server returned an error: (403) Forbidden.","https://www.madewell.com/p/womens/clothing/tops-shirts/button-downs/the-easy-shirt/OB041/?ccode=WR2629"
"105","Madewell","The remote server returned an error: (403) Forbidden.","https://www.madewell.com/p/womens/clothing/tops-shirts/tops/ruffled-pintuck-high-neck-top/OB076/?ccode=WT0005"
"115","Madewell","The remote server returned an error: (403) Forbidden.","https://www.madewell.com/p/womens/clothing/tops-shirts/tops/smocked-boatneck-sleeveless-top/OA999/?ccode=WT0012"
"116","Madewell","The remote server returned an error: (403) Forbidden.","https://www.madewell.com/p/womens/clothing/tops-shirts/tops/sleeveless-boatneck-vest-top/OA998/?ccode=KF9847"
"76","Madewell","The remote server returned an error: (403) Forbidden.","https://www.madewell.com/p/womens/clothing/tees/the-perfect-crewneck-tee-in-allday-cotton/NY429/?ccode=KI1567"
"77","Madewell","The remote server returned an error: (403) Forbidden.","https://www.madewell.com/p/womens/clothing/tees/the-relaxed-tee-in-vintage-jersey/NZ543/?ccode=KI1270"
"36","Madewell","The remote server returned an error: (403) Forbidden.","https://www.madewell.com/p/womens/clothing/sweaters/pullovers/polo-sweater-in-100-softwool/OB203/?ccode=SR9759"
"37","Madewell","The remote server returned an error: (403) Forbidden.","https://www.madewell.com/p/womens/clothing/sweaters/cardigans/longline-cardigan-jacket/OB210/?ccode=RD0215"
"38","Madewell","The remote server returned an error: (403) Forbidden.","https://www.madewell.com/p/womens/clothing/sweaters/cardigans/pointelle-knit-peplum-cardigan-in-100-cotton/NZ307/?ccode=RD5906"
"42","Madewell","The remote server returned an error: (403) Forbidden.","https://www.madewell.com/p/womens/clothing/tops-shirts/denim/denim-tie-neck-shirt/OB266/?ccode=DN0292"
"148","Madewell","The remote server returned an error: (403) Forbidden.","https://www.madewell.com/p/womens/clothing/jackets/jackets/the-field-jacket/OB091/?ccode=WR2698"
"149","Madewell","The remote server returned an error: (403) Forbidden.","https://www.madewell.com/p/womens/clothing/jackets/leather-suede/leather-bubble-sleeve-jacket/NT637/?ccode=BK5229"
"71","Madewell","The remote server returned an error: (403) Forbidden.","https://www.madewell.com/p/womens/clothing/jeans/slim-skinny-jeans/the-jules-slim-straight-jean/NX992/?ccode=DM8475"
"72","Madewell","The remote server returned an error: (403) Forbidden.","https://www.madewell.com/p/OA877/?ccode=DN0294"
"73","Madewell","The remote server returned an error: (403) Forbidden.","https://www.madewell.com/p/womens/clothing/jeans/wide-leg-jeans/the-perfect-vintage-wide-leg-crop-jean-in-vintage-canvas/NZ038/?ccode=NA6148"
"74","Madewell","The remote server returned an error: (403) Forbidden.","https://www.madewell.com/p/womens/labels-we-love/madewell-x-isko/circular-longline-straight-jean/NZ189/?ccode=DN0039"
"56","Madewell","The remote server returned an error: (403) Forbidden.","https://www.madewell.com/p/womens/clothing/pants/pull-on-pants/the-devon-pant/OA929/?ccode=BK0070"
"126","Madewell","The remote server returned an error: (403) Forbidden.","https://www.madewell.com/p/womens/clothing/skirts/pintucked-midi-skirt/OA976/?ccode=WT0012"
"81","Zara","no JSON-LD price","https://www.zara.com/us/en/leather-slingback-shoes-p11524810.html?v1=545422395&utm_source=google&utm_medium=cpc&gad_source=1&gad_campaignid=23439827896&gbraid=0AAAAADqbk7Z_UwkX5GaponwAkge3e09H2&gclid=CjwKCAjwtp7VBhBjEiwAJfpV-zuSvWIZkUTcboTUF82w65o8hagoTkPQfl3wLFy86igWomAgvTItbhoCWAcQAvD_BwE"
"93","Champs Sports","no JSON-LD price","https://www.champssports.com/product/~/U90603EG.html?source=shoppingads&locale=en-US&SID=7391&inceptor=1&cm_mmc=paid%20search-_-google-_--_-PLA-_-DPA-_--_-P-_-Prospecting-_--_-23820388457-_--_--_-PLA-_-U90603EG7-_--_--_-&cm_mmc=Paid%20Search-_-Google-_--_-Shopping-_--_--_--_-LIX-_-Evergreen-_-23820388457-_--_--_--_--_--_--_-&gclsrc=aw.ds&gad_source=1&gad_campaignid=23820416846&gbraid=0AAAAAD0g7JJYDIsAZyZVCq_w2Iz5HO1mI&gclid=CjwKCAjw2aPVBhBkEiwA0Cptt_cHZCtELpPZNKp5c3l6sTSMRl1mxXHhWmLaOA1S9l3ynFIRmtasgRoCh6gQAvD_BwE"
"94","Free People","The remote server returned an error: (403) Forbidden.","https://www.freepeople.com/shop/new-balance-9060-sneakers/?color=023&countryCode=US&g_acctid=925-773-0063&g_adgroupid=&g_adid=&g_adtype=none&g_campaign=PLAs%20US%20-%20Smart%20Shopping%20PMAX%20US%20-%20Performance%20Max%20-%20Tier%20II&g_campaignid=17721296791&g_keyword=&g_keywordid=&g_network=x&gad_campaignid=17721297256&gad_source=1&gbraid=0AAAAADmlMfnXEiWSsE0olVM00szFjbmdU&gclid=CjwKCAjw2aPVBhBkEiwA0Cptt-3rfprIJIcWwvPABB1WDbAu1zZaRlg1C11_6n-Ps57QWon1mgpyPhoCAEMQAvD_BwE&gclsrc=aw.ds&inventoryCountry=US&utm_kxconfid=vx6ro62gj"
"92","Urban Outfitters","The remote server returned an error: (403) Forbidden.","https://www.urbanoutfitters.com/shop/new-balance-9060-sneaker4?color=022&size=5.5m%2F7w&type=STANDARD&creative=&device=c&g_acctid=312-727-9506&g_adgroupid=&g_adid=&g_adtype=none&g_campaign=%5BNB+PLA+US%5D+-+PMAX+-+Womens+-+Priority&g_campaignid=20233670334&g_keyword=&g_keywordid=&g_network=x&g_type=shopping&matchtype=&network=x&utm_campaign=%5BNB+PLA+US%5D+-+PMAX+-+Womens+-+Priority&utm_content=&utm_kxconfid=vx6q4l3b6&utm_medium=cpc&utm_source=google&utm_term=&gclsrc=aw.ds&gad_source=1&gad_campaignid=20238460742&gbraid=0AAAAADpxK_8wPdbJB_MEE3n4-AAsfGJ_U&gclid=CjwKCAjw2aPVBhBkEiwA0Cpttw7okiCs5iJ2k-yLkX0SF_AL0QOYIQwb4li6kK8F-ziTOM6U-7P3BBoCF9EQAvD_BwE"
